secs,km,power,hr,cad,alt
0,0,120,135,58,367.6
1,0.0042,142,135,66,367.6
2,0.0089,189,135,71,367.6
3,0.0137,115,135,76,367.6
4,0.0186,189,136,74,367.4
5,0.0238,152,136,77,367.2
6,0.029,17,137,77,367
7,0.034,17,137,77,367
8,0.0393,17,137,31,367
9,0.0446,128,137,77,367
10,0.0504,198,137,73,367
11,0.0564,177,137,78,367
12,0.0625,132,137,78,367
13,0.0688,132,137,82,366.6
14,0.0752,187,137,84,366.6
15,0.0818,156,137,74,366.4
16,0.0884,86,138,62,366.4
17,0.095,70,138,73,366.4
18,0.1017,153,138,73,366.8
19,0.1086,153,138,71,366.8
20,0.1156,189,138,71,366.8
21,0.1227,145,138,73,366.8
22,0.13,169,138,75,366.8
23,0.1374,121,138,75,366.6
24,0.1447,121,138,77,366.6
25,0.1521,122,138,77,366.6
26,0.1597,215,138,77,366.6
27,0.1672,122,138,78,366.6
28,0.1747,113,138,78,366.6
29,0.1823,154,138,79,366.6
30,0.1899,111,138,79,366.6
31,0.1974,97,137,79,366.6
32,0.2048,97,137,78,366.6
33,0.2119,63,137,77,366.6
34,0.2191,100,137,75,366.6
35,0.2261,83,137,75,366.4
36,0.2331,83,137,52,366.4
37,0.2402,173,137,74,366.4
38,0.2474,171,137,74,366.4
39,0.2546,203,136,75,366.2
40,0.2617,107,136,75,366.2
41,0.2689,121,137,75,366.2
42,0.276,133,137,75,366
43,0.2831,112,137,74,365.8
44,0.2901,185,137,73,365.8
45,0.2971,256,137,73,365.8
46,0.3043,164,137,73,365.8
47,0.3114,164,137,74,365.8
48,0.3185,169,137,74,365.8
49,0.3256,76,136,74,365.8
50,0.3326,139,136,73,365.8
51,0.3397,162,136,73,365.8
52,0.3466,107,136,73,365.8
53,0.3537,106,136,73,365.8
54,0.3608,133,136,74,365.8
55,0.3678,82,136,73,365.8
56,0.3747,136,136,73,365.8
57,0.3815,59,135,73,365.8
58,0.388,59,134,73,366
59,0.3941,59,134,26,366
60,0.4004,129,133,26,366
61,0.407,129,133,25,366
62,0.4137,290,132,68,366.2
63,0.4205,264,132,70,366.2
64,0.4274,249,133,70,366.2
65,0.4343,249,133,72,366.2
66,0.4411,250,133,72,366.2
67,0.4479,165,133,72,366.4
68,0.4546,145,134,70,366.4
69,0.4612,151,134,70,366.4
70,0.4679,176,134,70,366.4
71,0.4746,237,134,70,366.6
72,0.4813,207,134,70,366.6
73,0.4881,237,134,71,366.6
74,0.4948,172,134,69,366.6
75,0.5012,10,134,69,366.8
76,0.5075,10,135,69,367
77,0.5138,167,135,76,367.4
78,0.5201,179,136,75,367.6
79,0.5264,160,136,75,367.6
80,0.5326,160,136,75,367.8
81,0.5387,115,136,74,367.8
82,0.5447,85,136,72,368
83,0.5505,34,136,66,368.2
84,0.5562,23,136,63,368.2
85,0.5619,23,136,67,368.4
86,0.5676,226,135,68,368.4
87,0.5734,180,135,68,368.6
88,0.5791,89,135,74,368.6
89,0.5846,164,135,84,368.8
90,0.5903,240,135,83,368.8
91,0.5959,149,136,83,368.8
92,0.6018,150,136,86,369
93,0.6079,120,136,90,369
94,0.6139,157,136,90,369
95,0.6199,157,135,92,369.2
96,0.6258,201,136,90,369.2
97,0.6315,175,136,88,369.2
98,0.6373,242,136,78,369.2
99,0.643,253,136,78,369.6
100,0.6482,253,136,77,369.8
101,0.6534,207,136,72,369.8
102,0.6584,292,137,69,370
103,0.6635,327,137,69,370
104,0.6686,286,138,69,370.2
105,0.6735,286,138,68,370.4
106,0.6783,250,138,66,370.8
107,0.6831,276,139,64,371
108,0.6878,276,139,64,371.2
109,0.6924,258,140,64,371.2
110,0.6971,258,140,63,371.4
111,0.7018,268,140,63,371.8
112,0.7066,318,140,63,372
113,0.7113,265,140,64,372.2
114,0.716,245,140,63,372.2
115,0.7204,240,140,62,372.4
116,0.7249,232,141,60,372.6
117,0.7294,279,141,60,373.2
118,0.734,261,141,60,373.4
119,0.7385,243,142,60,373.6
120,0.743,240,142,60,373.8
121,0.7475,204,142,60,373.8
122,0.7521,184,143,60,374
123,0.7569,184,142,61,374.2
124,0.7618,199,143,63,374.2
125,0.7667,164,143,65,374.4
126,0.7715,38,144,46,374.6
127,0.7764,99,144,74,374.8
128,0.7816,110,143,69,375
129,0.7869,194,143,70,375.2
130,0.7927,173,142,75,375.6
131,0.7984,217,142,77,375.6
132,0.8042,215,142,78,375.8
133,0.8102,170,142,78,375.8
134,0.8162,170,142,80,375.8
135,0.8223,117,142,81,375.8
136,0.8284,94,142,81,375.8
137,0.8346,100,142,82,375.8
138,0.8409,119,142,76,376
139,0.8474,190,142,76,376
140,0.8539,108,142,77,376
141,0.8606,108,142,79,376
142,0.8673,163,141,80,376
143,0.8739,263,141,80,376
144,0.8804,223,142,79,376
145,0.887,244,142,78,376
146,0.8934,248,142,78,376
147,0.8998,225,143,77,376.2
148,0.9059,214,143,76,376.4
149,0.912,184,143,74,376.4
150,0.9179,168,143,72,376.6
151,0.9238,204,144,72,376.8
152,0.93,204,144,70,376.8
153,0.9362,161,143,73,377
154,0.9426,133,143,72,377.2
155,0.9492,126,143,71,377.4
156,0.9561,93,143,71,377.4
157,0.9631,93,143,75,377.6
158,0.9703,98,143,77,377.6
159,0.9773,81,143,66,377.6
160,0.9844,93,143,64,377.6
161,0.9918,191,143,64,377.8
162,0.9993,191,142,67,377.8
163,1.0073,249,141,70,377.8
164,1.0156,260,141,75,377.8
165,1.0239,209,141,77,377.4
166,1.0323,165,141,77,377.6
167,1.0408,165,141,78,377.2
168,1.0494,165,141,79,377.4
169,1.0582,193,141,81,377.2
170,1.0671,112,141,81,377.2
171,1.0759,112,140,81,377.2
172,1.0849,112,140,77,377.2
173,1.0938,139,140,73,377.2
174,1.1028,179,140,74,376.8
175,1.1119,168,140,74,376.6
176,1.1207,89,140,74,376.6
177,1.1296,89,139,74,376.4
178,1.1386,83,139,74,376.2
179,1.1476,133,139,74,376
180,1.1565,124,138,74,375.6
181,1.1654,183,138,74,375.6
182,1.1744,183,139,74,375.6
183,1.1834,189,139,75,375.4
184,1.1923,135,140,74,375.4
185,1.201,127,140,74,375.2
186,1.2099,127,139,73,375.2
187,1.2187,145,141,72,374.8
188,1.2275,143,141,73,374.6
189,1.2363,126,141,73,374.6
190,1.2448,157,141,72,374.6
191,1.2535,162,141,72,374.6
192,1.2622,162,140,71,374.6
193,1.2709,172,140,72,374.6
194,1.2796,115,141,72,374.6
195,1.2883,136,140,72,374.6
196,1.297,136,139,71,374.6
197,1.3055,118,139,71,374.6
198,1.314,66,139,70,374.6
199,1.3224,59,138,71,374.6
200,1.3307,127,138,71,374.6
201,1.3391,127,138,77,374.6
202,1.3475,138,137,78,374.6
203,1.3559,209,137,78,374.6
204,1.3647,291,137,79,374.6
205,1.3735,326,137,79,374.6
206,1.3824,326,137,82,374.6
207,1.3913,201,137,83,374.6
208,1.4001,113,137,83,374.6
209,1.4087,65,138,82,374.6
210,1.4173,70,138,81,374.6
211,1.4257,89,138,80,374.6
212,1.434,92,137,79,374.6
213,1.4423,84,137,78,374.6
214,1.4505,89,137,78,374.6
215,1.4585,89,136,77,374.6
216,1.4664,36,137,71,374.6
217,1.474,0,137,71,374.6
218,1.4815,0,136,71,374.6
219,1.4887,0,135,0,374.6
220,1.4958,0,134,0,374.6
221,1.5028,0,133,0,374.6
222,1.5097,0,132,0,374.6
223,1.5164,0,131,0,374.8
224,1.523,0,130,0,374.8
225,1.5288,0,129,0,374.8
226,1.5333,0,127,53,374.8
227,1.5369,0,127,53,374.8
228,1.5397,0,127,53,374.8
229,1.5415,0,126,0,374.8
230,1.5415,0,126,0,374.8
267,1.5415,0,107,0,376.4
268,1.5415,0,107,0,376.4
269,1.5415,0,108,0,376.4
270,1.5415,0,109,0,376.4
271,1.544,0,111,0,376.4
272,1.5477,0,113,0,376.4
273,1.5521,295,115,46,376.4
274,1.5572,462,117,46,376.4
275,1.5632,462,119,60,376.4
276,1.57,549,121,73,376.4
277,1.5776,580,123,83,376.4
278,1.5858,555,125,91,376.2
279,1.5942,468,127,91,376.2
280,1.603,468,128,100,376.2
281,1.6117,479,130,103,376.2
282,1.6202,43,132,50,376
283,1.6287,181,133,102,375.8
284,1.6371,154,134,94,375.4
285,1.6455,186,134,93,375.2
286,1.6538,154,135,93,374.8
287,1.6621,191,135,93,374.8
288,1.6704,149,136,92,374.6
289,1.6787,152,136,92,374.6
290,1.6869,171,136,92,374.6
291,1.6952,156,136,91,374.6
292,1.7034,130,137,91,374.6
293,1.7116,140,138,91,374.6
294,1.7198,169,138,91,374.6
295,1.728,170,139,91,374.6
296,1.736,138,139,90,374.6
297,1.7441,132,140,90,374.6
298,1.7522,132,140,90,374.6
299,1.7602,110,141,89,374.6
300,1.7681,89,141,88,374.6
301,1.776,120,140,88,374.6
302,1.784,120,141,87,374.8
303,1.7919,156,141,88,374.8
304,1.7997,99,142,87,374.8
305,1.8076,187,142,87,374.8
306,1.8156,175,141,88,374.8
307,1.8235,161,141,85,374.8
308,1.8315,166,141,82,375
309,1.8395,179,141,82,375
310,1.8475,97,140,82,375
311,1.8554,100,141,82,375
312,1.8635,177,141,82,375
313,1.8716,167,141,83,375
314,1.8798,216,140,84,375
315,1.8879,98,140,84,375
316,1.8959,142,140,88,375
317,1.9039,151,141,89,375
318,1.9118,117,140,88,375
319,1.9197,177,140,87,375
320,1.9275,144,140,87,375
321,1.9354,125,140,87,375
322,1.9433,137,140,88,375
323,1.9512,145,141,88,375
324,1.9592,121,141,88,375
325,1.9671,155,141,88,375
326,1.9752,184,141,89,375
327,1.9834,203,141,89,375
328,1.9916,203,140,91,375.2
329,1.9998,136,141,92,375.2
330,2.0078,140,141,92,375.2
331,2.0159,140,141,92,375.2
332,2.0241,131,141,92,375.2
333,2.0323,119,141,92,375.2
334,2.0404,133,141,91,375.2
335,2.0486,122,141,92,375.2
336,2.0567,95,141,92,375.2
337,2.0649,100,141,92,375.2
338,2.0727,84,141,91,375.2
339,2.0808,85,141,90,375.2
340,2.0888,137,141,90,375.2
341,2.097,101,141,90,375.2
342,2.105,101,141,90,375.4
343,2.1131,125,140,90,375.4
344,2.1212,105,140,90,375.4
345,2.1295,121,140,91,375.4
346,2.1376,115,140,91,375.4
347,2.1457,115,140,91,375.4
348,2.1537,112,140,91,375.4
349,2.1619,110,140,91,375.4
350,2.1699,99,139,90,375.4
351,2.1779,106,139,90,375.4
352,2.1856,106,138,89,375.4
353,2.1933,106,138,87,375.6
354,2.2009,140,137,86,375.6
355,2.2085,168,137,85,375.6
356,2.2159,212,137,85,375.8
357,2.2233,212,137,84,376
358,2.2308,169,137,84,376
359,2.2383,179,138,84,376
360,2.2459,108,138,85,376.2
361,2.2535,89,139,85,376.2
362,2.2613,89,138,86,376.2
363,2.269,89,138,86,376.2
364,2.2766,70,137,86,376.2
365,2.2842,103,136,85,376.2
366,2.2919,162,136,85,376.4
367,2.2995,162,136,86,376.4
368,2.3071,104,136,85,376.4
369,2.3147,92,137,85,376.6
370,2.3224,148,137,85,376.6
371,2.33,149,137,85,376.6
372,2.3375,103,137,85,376.6
373,2.3449,126,137,83,376.6
374,2.3522,107,136,83,376.6
375,2.3595,73,136,83,376.6
376,2.3666,73,137,81,376.4
377,2.3738,63,137,80,376.4
378,2.381,165,136,80,376.4
379,2.3887,366,136,81,376.4
380,2.3965,405,136,84,376.4
381,2.4044,258,137,87,376.4
382,2.4119,89,138,86,376.4
383,2.4192,61,138,84,376.2
384,2.4265,52,139,84,376.2
385,2.4336,52,139,81,376.4
386,2.4406,42,139,79,376.4
387,2.4478,196,138,79,376.4
388,2.4552,348,137,81,376.4
389,2.4625,94,137,81,376.4
390,2.4697,94,137,78,376.4
391,2.4769,19,137,78,376.4
392,2.4844,250,137,82,376.4
393,2.492,320,137,86,376.4
394,2.4995,102,137,86,376.2
395,2.5064,102,138,81,376.2
396,2.5132,23,138,81,376.2
397,2.52,23,137,27,376.2
398,2.527,230,136,93,376.2
399,2.5345,328,135,93,376.2
400,2.5423,328,135,83,376.2
401,2.5503,324,135,87,376.4
402,2.5583,273,136,89,376.4
403,2.5664,208,137,90,376.6
404,2.5746,174,137,90,376.8
405,2.5829,174,138,91,377.2
406,2.5912,162,138,93,377.4
407,2.5997,143,138,93,377.6
408,2.608,229,138,93,377.6
409,2.6165,229,137,94,377.6
410,2.6248,167,138,94,377.6
411,2.6331,159,138,94,377.6
412,2.6414,189,138,94,377.6
413,2.6495,189,138,93,377.6
414,2.6575,137,138,91,377.6
415,2.6654,169,139,89,377.4
416,2.6732,133,139,89,377.2
417,2.6811,144,139,89,377.2
418,2.689,144,138,88,377.2
419,2.6969,178,138,88,377.2
420,2.7048,129,139,88,377.2
421,2.7129,137,138,89,377.2
422,2.7209,165,139,90,377.2
423,2.7288,140,139,90,377.2
424,2.7368,140,139,89,377.2
425,2.7447,121,140,89,377.2
426,2.7526,144,140,89,377.2
427,2.7606,153,140,89,377.4
428,2.7685,153,140,88,377.4
429,2.7764,131,140,88,377.4
430,2.7843,139,141,88,377.6
431,2.7922,137,140,87,377.6
432,2.8001,133,141,88,377.6
433,2.808,126,141,87,377.8
434,2.8159,212,141,88,377.8
435,2.8239,164,140,88,377.8
436,2.8319,125,141,88,377.8
437,2.8397,102,141,87,378
438,2.8476,84,140,87,378
439,2.8555,124,141,87,378
440,2.8635,174,140,88,377.8
441,2.8717,118,141,89,378
442,2.88,106,141,89,377.6
443,2.8884,106,141,87,377.6
444,2.8967,146,140,86,377.6
445,2.905,132,139,85,377.6
446,2.9132,149,139,85,377.4
447,2.9215,128,138,85,377.4
448,2.9296,123,138,85,377.4
449,2.9377,123,138,84,377.4
450,2.9457,118,138,83,377.4
451,2.9537,157,138,83,377.4
452,2.9616,116,138,82,377.2
453,2.9695,170,137,82,377.2
454,2.9774,170,137,82,377.2
455,2.9851,128,137,84,377.2
456,2.9927,170,137,86,377.2
457,3.0003,156,137,86,377.2
458,3.0078,156,138,84,377.2
459,3.0153,183,138,83,377.2
460,3.0225,158,138,83,377.2
461,3.0297,161,138,83,377.2
462,3.0367,161,139,80,377.2
463,3.0437,243,138,77,377.2
464,3.0505,277,137,76,377.4
465,3.0572,266,138,75,377.4
466,3.0639,292,138,73,377.6
467,3.0704,259,138,73,377.8
468,3.0767,259,139,72,378
469,3.0828,250,140,70,378
470,3.0888,196,140,72,378
471,3.0949,319,140,71,378.2
472,3.1009,371,141,71,378.2
473,3.1069,371,142,71,378.6
474,3.113,281,142,71,378.8
475,3.1189,305,143,71,379.2
476,3.125,289,143,71,379.6
477,3.1308,281,143,70,379.8
478,3.1368,319,144,70,380.2
479,3.1427,317,144,70,380.6
480,3.1485,308,145,69,380.8
481,3.1544,318,146,69,381
482,3.1602,306,146,69,381.2
483,3.166,288,146,69,381.6
484,3.1716,144,146,76,381.8
485,3.177,223,147,83,382
486,3.1824,220,148,81,382
487,3.1877,245,148,80,382.2
488,3.1928,181,149,78,382.2
489,3.1979,195,148,77,382.4
490,3.203,249,148,77,383
491,3.208,219,149,77,383.2
492,3.2131,219,148,76,383.4
493,3.2181,242,148,76,383.6
494,3.2229,213,149,74,383.8
495,3.2277,210,148,72,384
496,3.2325,273,148,72,384.4
497,3.2373,273,148,72,384.8
498,3.2423,241,148,74,385.2
499,3.2471,233,148,74,385.4
500,3.2519,217,148,74,385.6
501,3.2567,219,148,73,385.6
502,3.2615,197,148,72,386
503,3.2663,278,148,72,386.2
504,3.2712,216,148,73,386.6
505,3.276,206,148,73,386.8
506,3.2808,206,148,73,387.2
507,3.2855,181,148,72,387.4
508,3.2902,225,149,71,387.8
509,3.295,234,149,71,388
510,3.2997,205,149,71,388.2
511,3.3044,205,149,71,388.2
512,3.3089,209,149,71,388.4
513,3.3135,217,149,63,388.4
514,3.3181,234,149,62,388.8
515,3.3226,221,149,62,389
516,3.327,221,149,61,389.2
517,3.3315,245,150,60,389.2
518,3.3359,269,149,59,389.4
519,3.3405,271,150,60,389.4
520,3.345,246,151,60,389.6
521,3.3497,246,150,61,389.6
522,3.3543,248,151,62,389.8
523,3.359,245,151,62,389.8
524,3.3636,216,152,62,389.8
525,3.3681,217,152,62,390
526,3.3726,217,152,60,390.2
527,3.3772,220,151,60,390.4
528,3.3818,236,152,61,390.8
529,3.3864,226,152,61,391
530,3.3909,207,152,61,391.2
531,3.3954,207,152,61,391.4
532,3.3999,212,152,61,391.6
533,3.4046,227,152,61,391.8
534,3.4092,226,152,61,392.2
535,3.4139,218,152,61,392.6
536,3.4184,208,152,61,392.8
537,3.423,202,152,61,393
538,3.4277,175,152,61,393.2
539,3.4321,175,152,65,393.4
540,3.4365,195,152,73,393.4
541,3.4411,261,151,74,393.6
542,3.4458,286,151,76,393.6
543,3.4504,229,151,77,393.8
544,3.455,174,152,77,394.4
545,3.4596,216,152,76,394.6
546,3.4642,217,152,76,394.6
547,3.4687,209,151,76,394.6
548,3.4734,246,151,76,394.6
549,3.4779,246,151,76,395
550,3.4825,224,151,76,395.2
551,3.487,225,151,75,395.6
552,3.4915,219,151,75,396
553,3.496,241,150,74,396.2
554,3.5005,217,151,74,396.2
555,3.505,217,150,75,396.4
556,3.5094,215,150,74,396.6
557,3.514,260,150,74,396.6
558,3.5185,227,150,74,396.8
559,3.5231,227,151,76,397.2
560,3.5276,216,151,75,397.4
561,3.532,172,151,74,397.6
562,3.5364,222,151,73,397.8
563,3.541,294,152,74,397.8
564,3.5455,242,151,75,398
565,3.55,214,151,74,398
566,3.5545,247,152,74,398.6
567,3.5589,213,152,73,398.6
568,3.5633,243,152,73,399
569,3.5675,243,152,73,399.4
570,3.5717,197,151,71,399.8
571,3.576,238,151,70,400
572,3.5804,226,152,71,400
573,3.5847,178,152,71,400.2
574,3.589,178,152,72,400.4
575,3.5934,209,151,72,400.6
576,3.5977,208,151,72,400.8
577,3.6021,183,151,72,401.2
578,3.6064,183,151,72,401.4
579,3.6107,215,151,71,401.6
580,3.615,153,151,71,401.8
581,3.6192,225,151,70,402
582,3.6235,176,151,71,402.4
583,3.628,240,150,71,402.6
584,3.6325,228,151,74,402.8
585,3.6369,214,151,73,402.8
586,3.6413,200,150,73,402.8
587,3.6457,202,151,73,403
588,3.6502,231,151,73,403
589,3.6548,235,151,74,403.2
590,3.6593,241,150,74,403.4
591,3.664,262,151,74,403.6
592,3.6689,262,151,77,403.8
593,3.6735,232,151,78,404
594,3.6786,208,151,80,404.4
595,3.6835,161,151,82,404.6
596,3.6884,128,150,82,404.6
597,3.6933,128,150,81,404.8
598,3.6984,170,150,82,405
599,3.7036,125,149,85,405
600,3.709,90,150,81,405
601,3.7146,121,149,81,405.2
602,3.7203,121,149,74,405.2
603,3.7262,106,148,76,405.4
604,3.7322,91,148,78,405.4
605,3.7382,100,148,77,405.4
606,3.7447,143,146,77,405.4
607,3.7514,143,146,58,405.4
608,3.7584,182,146,61,405.4
609,3.7657,152,146,64,405.4
610,3.7732,85,146,68,405.4
611,3.7811,73,145,68,405.4
612,3.7893,73,145,70,405.4
613,3.7978,113,145,66,405.4
614,3.8066,87,144,64,405.4
615,3.8157,54,144,67,405.2
616,3.825,51,143,67,405.2
617,3.8349,51,142,70,404.6
618,3.8447,45,141,72,404.4
619,3.8548,17,140,73,404
620,3.865,0,140,73,404
621,3.8754,0,139,73,403.4
622,3.886,0,139,0,403
623,3.8969,11,138,27,402.8
624,3.908,114,137,83,402.6
625,3.9192,138,138,85,402.2
626,3.9309,144,138,85,401.8
627,3.9427,144,138,87,401.4
628,3.9546,116,138,85,401
629,3.9668,206,139,86,400
630,3.9792,163,139,88,399.8
631,3.9918,199,139,88,399
632,4.0047,130,138,89,398.2
633,4.0176,158,138,91,397.4
634,4.0307,181,139,89,396.8
635,4.0437,121,139,89,396.4
636,4.057,121,138,86,395.8
637,4.0704,110,138,87,395.4
638,4.0839,116,136,88,395
639,4.0974,74,136,89,394.4
640,4.111,71,135,89,393.8
641,4.1247,66,135,89,392.8
642,4.1386,66,135,90,391.8
643,4.1526,73,135,91,391.2
644,4.1665,55,135,91,390.6
645,4.1803,43,136,89,390.2
646,4.1941,13,135,89,389.8
647,4.2078,13,135,76,389.4
648,4.2214,0,134,76,388.6
649,4.2348,0,133,76,388
650,4.2478,0,130,0,387.4
651,4.26,0,128,0,386.8
652,4.2715,0,127,0,386.2
653,4.2817,0,127,0,385.4
654,4.2901,0,127,0,384.4
655,4.2969,0,126,0,383.8
656,4.3026,0,125,0,383.6
657,4.3076,0,124,0,383.4
658,4.3123,0,122,0,383.4
659,4.3167,0,121,0,383.4
660,4.3213,0,121,0,383.4
661,4.326,3,121,11,383.2
662,4.3315,193,123,38,383.2
663,4.3373,381,125,44,383.2
664,4.3436,421,126,50,383.4
665,4.3505,381,128,50,383.4
666,4.3575,381,130,53,383.4
667,4.3647,330,131,57,383.4
668,4.3721,311,132,60,383.4
669,4.3796,330,133,60,383.4
670,4.3872,330,134,61,383.4
671,4.395,311,134,63,383.4
672,4.4028,368,134,65,383.4
673,4.4111,370,134,67,383.4
674,4.4195,340,134,68,383.4
675,4.4277,305,134,70,383.4
676,4.4361,297,135,69,383.2
677,4.4447,255,135,69,383.2
678,4.4533,269,136,70,383.2
679,4.4618,254,136,74,383.2
680,4.4706,290,137,86,383.2
681,4.4792,230,137,83,383.2
682,4.488,233,138,83,383.2
683,4.4967,142,138,83,383.2
684,4.5055,239,138,83,383.2
685,4.5141,178,138,83,383.2
686,4.5228,207,139,82,383.2
687,4.5314,172,139,82,383.2
688,4.5399,172,139,82,383.2
689,4.5485,182,139,82,383.2
690,4.5572,182,140,81,383.2
691,4.566,258,140,82,383.2
692,4.575,223,140,83,383.2
693,4.5839,216,141,84,383.2
694,4.5929,262,141,84,383.4
695,4.602,262,142,85,383.4
696,4.6109,159,143,85,383.6
697,4.62,174,144,85,383.6
698,4.6287,104,144,84,383.6
699,4.6375,133,145,84,383.6
700,4.6465,129,145,83,383.6
701,4.6555,279,145,84,383.6
702,4.6648,240,145,85,383.8
703,4.6738,209,145,85,383.8
704,4.6829,167,145,85,383.8
705,4.6919,167,146,85,383.8
706,4.7008,140,146,85,383.8
707,4.7097,129,147,85,383.6
708,4.7185,130,146,83,383.6
709,4.7272,131,146,83,383.4
710,4.7356,131,147,76,383.4
711,4.744,69,146,87,383.2
712,4.7525,174,146,80,383.4
713,4.7611,178,145,80,383.2
714,4.7698,178,145,75,383.2
715,4.7784,146,145,80,383.2
716,4.7872,125,145,82,383
717,4.796,191,145,82,383
718,4.8049,191,145,83,383
719,4.8138,192,144,83,383
720,4.8227,183,145,84,383
721,4.8318,169,145,85,383
722,4.8409,158,144,85,383
723,4.85,170,144,85,383
724,4.8591,170,144,86,383
725,4.8683,138,144,87,383
726,4.8774,125,144,87,383
727,4.8866,80,143,87,383
728,4.8956,121,143,87,383
729,4.9047,121,142,86,383
730,4.9138,121,142,86,383
731,4.923,92,142,86,383
732,4.932,112,142,86,383
733,4.941,112,141,86,383
734,4.9501,112,141,86,383
735,4.9591,154,141,86,383
736,4.9681,145,141,85,383
737,4.9771,143,141,85,383
738,4.9861,146,141,85,383
739,4.995,146,140,85,383
740,5.0041,165,140,85,382.6
741,5.0131,217,140,86,382.4
742,5.0224,164,141,86,382.2
743,5.0315,149,141,86,382.2
744,5.0407,164,141,86,382
745,5.05,170,141,87,382
746,5.0593,147,141,87,382
747,5.0685,147,140,87,382
748,5.0777,143,141,87,382
749,5.0869,132,141,87,381.8
750,5.0961,175,141,87,381.8
751,5.1052,152,141,87,381.6
752,5.1144,133,141,87,381.4
753,5.1236,133,141,87,381.4
754,5.1328,150,141,87,381.2
755,5.142,129,140,87,381.2
756,5.1512,127,140,87,381.2
757,5.1604,181,141,87,381.2
758,5.1695,181,140,87,381
759,5.1787,142,140,86,381
760,5.1879,141,140,86,380.8
761,5.1971,119,140,86,380.8
762,5.2064,162,140,87,380.8
763,5.2157,145,140,87,380.6
764,5.2251,150,140,87,380.6
765,5.2345,122,140,87,380.2
766,5.2439,99,139,88,380
767,5.2534,139,139,88,380
768,5.2629,123,139,89,379.8
769,5.2724,82,139,89,379.8
770,5.2821,170,139,90,379.8
771,5.2919,137,139,90,379.8
772,5.3016,137,138,91,379.8
773,5.3114,142,138,92,379.8
774,5.3215,139,138,93,379.8
775,5.3315,113,138,93,379.8
776,5.3417,113,138,94,379.8
777,5.3519,110,138,95,379.8
778,5.3623,103,138,95,379.8
779,5.3726,128,138,96,379.8
780,5.3831,113,138,97,379.8
781,5.3936,123,137,97,379.8
782,5.4041,123,137,95,379.8
783,5.4147,133,138,86,379.8
784,5.4253,115,138,87,379.6
785,5.4359,99,138,87,379.6
786,5.4465,92,139,87,379.4
787,5.4571,114,138,87,379.2
788,5.4678,135,138,87,378.8
789,5.4784,94,138,87,378.6
790,5.489,124,138,87,378.2
791,5.4996,108,138,87,378
792,5.51,100,138,87,377.8
793,5.5206,105,138,87,377.4
794,5.5311,116,137,86,377.2
795,5.5416,120,137,86,377
796,5.552,105,137,86,377
797,5.5626,131,138,86,376.8
798,5.5731,163,137,86,376.6
799,5.5835,133,136,86,376.4
800,5.5941,109,136,86,376.2
801,5.6047,125,136,86,375.4
802,5.6152,125,136,87,375.4
803,5.6257,128,136,87,375.2
804,5.6362,92,137,86,375.2
805,5.6465,94,137,86,375
806,5.6569,94,136,86,375
807,5.6671,94,136,85,374.8
808,5.6774,89,135,85,374.6
809,5.6877,135,135,85,374.6
810,5.6979,135,135,84,374.4
811,5.708,127,135,84,374.4
812,5.7182,136,134,84,374.2
813,5.7284,153,135,84,374.2
814,5.7385,158,135,84,374
815,5.7488,176,135,84,373.8
816,5.759,124,135,84,373.6
817,5.7694,107,134,85,373
818,5.7796,84,133,85,372.4
819,5.7898,72,132,84,372.2
820,5.7999,51,132,84,372
821,5.8099,51,130,84,371.8
822,5.8197,53,129,83,371.6
823,5.8296,48,129,82,371.6
824,5.8395,145,129,82,371.4
825,5.8495,145,129,82,371.4
826,5.8594,169,129,82,371.4
827,5.8694,113,130,83,371.2
828,5.8793,161,131,82,371.2
829,5.8892,195,131,82,371
830,5.8991,175,131,82,370.8
831,5.9091,157,131,82,370.6
832,5.919,184,131,82,370.4
833,5.9292,229,131,82,370.2
834,5.9394,226,131,82,370.2
835,5.9497,226,132,84,369.8
836,5.9599,173,132,84,369.6
837,5.97,173,133,84,369.2
838,5.9802,173,133,84,369
839,5.9905,170,133,84,368.8
840,6.0008,170,133,84,368.6
841,6.011,157,133,84,368.4
842,6.0211,155,133,84,368.2
843,6.0313,118,134,84,368.2
844,6.0414,133,134,84,368
845,6.0514,158,134,84,367.8
846,6.0616,125,134,84,367.6
847,6.0716,120,134,83,367.4
848,6.0815,114,134,83,367.2
849,6.0915,114,134,82,367.2
850,6.1012,96,134,81,367.2
851,6.111,131,134,81,367
852,6.1208,161,135,81,366.8
853,6.1305,183,134,81,366.8
854,6.1401,166,134,81,366.6
855,6.1496,156,134,80,366.4
856,6.1592,197,135,80,366.2
857,6.1688,168,135,80,366
858,6.1782,148,135,79,365.8
859,6.1877,136,135,79,365.8
860,6.1972,135,135,79,365.6
861,6.2067,186,134,79,365.4
862,6.2162,184,134,79,365
863,6.2259,202,134,80,364.6
864,6.2355,211,134,80,364.4
865,6.2452,211,134,81,364.2
866,6.2548,165,135,81,364.2
867,6.2645,151,135,80,364
868,6.2742,218,136,81,364
869,6.284,131,135,81,363.8
870,6.2937,131,136,81,363.6
871,6.3033,117,135,81,363.4
872,6.313,127,135,80,363.4
873,6.3225,151,135,80,363.2
874,6.3321,144,135,80,363.4
875,6.3415,147,135,79,363.2
876,6.3509,149,136,79,363.2
877,6.3603,143,136,79,363
878,6.3697,157,136,79,362.8
879,6.3789,172,136,79,362.6
880,6.3881,172,136,78,362.6
881,6.3972,175,136,77,362.4
882,6.4063,205,137,77,362.4
883,6.4154,173,137,77,362.2
884,6.4245,173,137,77,361.8
885,6.4336,119,137,77,361.6
886,6.4425,19,138,77,361.6
887,6.4512,19,138,77,361.4
888,6.46,19,137,44,361.2
889,6.4687,81,136,82,361.2
890,6.4774,0,136,82,361.4
891,6.4859,0,135,82,361.4
892,6.4944,0,135,0,361.2
893,6.5027,32,133,25,361.2
894,6.511,2,133,15,361.2
895,6.5192,0,133,15,361.2
896,6.5273,0,131,15,361.2
897,6.5352,0,130,0,361.2
898,6.5425,0,128,0,361.2
899,6.549,0,126,0,361
900,6.5555,0,124,0,361
901,6.5627,162,124,26,361
902,6.5704,330,125,66,361
903,6.5783,396,126,70,361
904,6.5867,367,127,76,360.8
905,6.5954,349,128,80,360.2
906,6.6041,284,129,81,360.2
907,6.6129,191,130,82,360
908,6.6219,187,131,83,360
909,6.6311,270,132,77,359.8
910,6.6405,298,132,76,359.8
911,6.6501,304,133,77,359.8
912,6.6599,302,133,79,359.6
913,6.6698,265,134,81,359.4
914,6.6796,214,135,82,359
915,6.6895,169,135,83,358.6
916,6.6995,187,135,83,358.6
917,6.7096,199,135,84,358.6
918,6.7196,160,135,84,358.4
919,6.7297,124,136,84,358.4
920,6.7398,118,136,84,358.4
921,6.7497,97,136,84,358.2
922,6.7596,97,135,84,358
923,6.7695,93,136,83,358
924,6.7793,82,134,83,357.8
925,6.7891,108,134,83,357.8
926,6.799,108,134,82,357.6
927,6.8088,101,134,82,357.6
928,6.8185,128,134,82,357.4
929,6.8282,107,134,81,357.4
930,6.838,132,134,81,357.4
931,6.8476,147,135,81,357.2
932,6.8575,147,135,81,357
933,6.8672,138,135,82,356.8
934,6.877,152,135,82,356.6
935,6.8867,129,135,82,356.4
936,6.8967,120,136,82,356.4
937,6.9065,120,136,82,356.2
938,6.9165,107,136,82,356
939,6.9262,102,136,81,355.6
940,6.9359,106,136,81,355.6
941,6.9456,106,136,81,355.4
942,6.9553,112,136,80,355.4
943,6.965,107,136,80,355.2
944,6.9747,119,136,80,355.2
945,6.9844,108,136,80,355
946,6.9941,135,135,80,354.8
947,7.0039,149,135,81,354.8
948,7.0136,134,135,81,354.6
949,7.0233,100,136,80,354.6
950,7.0329,79,135,80,354.6
951,7.0425,79,135,80,354.4
952,7.0519,0,135,80,354.4
953,7.0613,0,134,80,354.4
954,7.0705,0,133,0,354.2
955,7.0792,0,132,0,354.2
956,7.0875,0,130,0,354.2
957,7.0951,0,129,0,354.2
958,7.1021,0,128,0,354
959,7.1094,90,127,54,354
960,7.1168,178,126,72,353.8
961,7.1246,253,127,72,353.6
962,7.1327,357,128,73,353.6
963,7.1415,499,129,76,353.4
964,7.1503,373,130,77,353.2
965,7.1595,399,132,77,353
966,7.1692,399,133,76,353
967,7.179,418,134,79,352.8
968,7.189,385,135,82,352.6
969,7.199,290,136,84,352.6
970,7.2091,156,138,83,352.4
971,7.2194,248,139,84,352.4
972,7.2296,247,139,85,352.4
973,7.2397,104,139,85,352
974,7.2497,51,139,84,352
975,7.2597,60,139,83,351.6
976,7.2696,109,138,83,351.4
977,7.2796,241,138,83,351.2
978,7.2897,250,138,83,351
979,7.2999,197,139,84,350.8
980,7.3101,224,139,84,350.6
981,7.3204,224,140,85,350.6
982,7.3306,213,140,85,350.4
983,7.3408,163,140,85,350.2
984,7.351,175,141,85,350.2
985,7.3613,142,141,85,350.2
986,7.3715,136,141,85,350
987,7.3816,109,141,85,349.8
988,7.3919,158,141,85,349.8
989,7.4022,167,142,85,349.6
990,7.4125,133,141,85,349.4
991,7.4227,133,141,85,349.4
992,7.4331,151,142,85,349.4
993,7.4434,125,142,86,349.4
994,7.4536,116,141,85,349.2
995,7.4639,139,141,85,349.2
996,7.4741,138,141,85,349.2
997,7.4843,107,140,85,349
998,7.4945,98,140,85,349
999,7.5046,109,141,85,348.8
1000,7.5149,109,141,85,348.8
1001,7.5251,121,141,85,348.6
1002,7.5351,115,141,84,348.6
1003,7.5451,148,140,83,348.4
1004,7.5551,145,140,83,348.4
1005,7.5651,145,140,83,348.2
1006,7.575,126,139,83,348
1007,7.5849,111,139,83,347.6
1008,7.5948,86,139,82,347.4
1009,7.6046,118,139,82,347.2
1010,7.6145,118,138,82,347
1011,7.6244,139,138,82,346.8
1012,7.6342,109,137,82,346.8
1013,7.6439,107,137,81,346.6
1014,7.6537,111,136,81,346.6
1015,7.6636,111,136,82,346.4
1016,7.6734,136,136,82,346.4
1017,7.6833,136,136,82,346.4
1018,7.6933,112,136,82,346.2
1019,7.7032,154,136,82,346.2
1020,7.7131,133,135,83,346.2
1021,7.7229,142,135,82,346
1022,7.7327,133,136,82,346
1023,7.7425,147,136,82,345.8
1024,7.7523,155,136,81,345.8
1025,7.7621,171,136,81,345.8
1026,7.7718,144,136,81,345.6
1027,7.7816,129,136,81,345.4
1028,7.7915,190,136,81,345.4
1029,7.8013,188,135,81,345
1030,7.8112,136,135,82,344.4
1031,7.821,98,136,82,344
1032,7.8307,123,135,82,344
1033,7.8406,123,135,82,343.8
1034,7.8504,148,136,82,343.8
1035,7.8599,134,136,81,343.8
1036,7.8694,119,136,80,343.8
1037,7.879,144,136,80,343.6
1038,7.8885,142,135,80,343.6
1039,7.8981,142,135,81,343.6
1040,7.9077,143,135,81,343.6
1041,7.9176,152,135,81,343.6
1042,7.9272,144,135,82,343.6
1043,7.9368,121,135,82,343.4
1044,7.9465,122,135,81,343.4
1045,7.9562,159,135,82,343.2
1046,7.9661,143,134,82,343.2
1047,7.9758,111,134,82,343.2
1048,7.9855,112,134,82,343
1049,7.9951,114,134,82,343
1050,8.0048,114,134,81,342.8
1051,8.0144,112,134,81,342.8
1052,8.024,145,134,81,342.8
1053,8.0335,145,134,80,342.8
1054,8.0431,141,134,80,342.8
1055,8.0527,163,134,80,342.6
1056,8.0625,142,133,81,342.4
1057,8.0723,192,133,82,342.2
1058,8.0822,193,134,82,342
1059,8.0922,193,134,83,341.8
1060,8.1022,227,134,84,341.8
1061,8.1123,138,134,84,341.8
1062,8.1224,122,134,84,341.8
1063,8.1325,122,135,85,341.6
1064,8.1426,111,135,84,341.6
1065,8.1525,117,134,84,341.6
1066,8.1624,116,134,83,341.4
1067,8.1722,109,134,83,341.2
1068,8.182,103,134,83,341.2
1069,8.1918,103,134,82,341
1070,8.2016,162,134,82,340.8
1071,8.2114,200,133,82,340.8
1072,8.2214,163,134,83,340.6
1073,8.2313,152,134,83,340.4
1074,8.2413,99,134,84,340.4
1075,8.2513,100,134,83,340.2
1076,8.2614,112,134,84,340
1077,8.2717,150,133,84,340
1078,8.2821,143,132,85,340
1079,8.2925,134,132,87,340
1080,8.3029,118,132,87,340
1081,8.3134,145,132,87,340
1082,8.3239,136,132,87,340
1083,8.3343,99,132,88,340
1084,8.3447,97,133,87,339.8
1085,8.355,108,133,87,339.8
1086,8.3652,125,132,87,339.6
1087,8.3753,97,132,86,339.6
1088,8.3854,143,132,86,339.4
1089,8.3955,117,132,85,339.4
1090,8.4056,141,132,85,339.4
1091,8.4157,153,133,85,339.2
1092,8.4259,152,133,85,338.8
1093,8.4361,160,134,86,338.6
1094,8.4463,102,134,86,338.4
1095,8.4566,82,134,85,338.2
1096,8.4669,88,133,85,338
1097,8.477,88,133,85,337.8
1098,8.4872,63,132,84,337.8
1099,8.4973,119,132,78,337.6
1100,8.5059,0,132,78,337.6
1101,8.5132,0,133,78,337.6
1102,8.5201,0,132,0,337.4
1103,8.5269,0,132,0,337.4
1104,8.5328,0,130,14,337.2
1105,8.5392,9,130,40,337.2
1106,8.5455,72,129,65,337.2
1107,8.5522,205,128,65,337.2
1108,8.559,303,128,69,337.2
1109,8.5661,324,129,72,337
1110,8.5736,355,130,76,337
1111,8.5816,376,131,79,336.8
1112,8.59,380,132,85,336.8
1113,8.5985,357,133,88,337
1114,8.6072,192,134,85,336.6
1115,8.6161,243,134,85,336.6
1116,8.6253,243,136,83,336.6
1117,8.6345,174,136,85,336.6
1118,8.644,206,136,87,336.6
1119,8.6536,217,136,80,336.6
1120,8.6633,200,136,80,336.4
1121,8.673,200,136,80,336.2
1122,8.6827,155,136,81,336
1123,8.6926,139,136,81,336
1124,8.7024,180,136,82,335.8
1125,8.7124,148,136,82,335.6
1126,8.7222,134,137,82,335.4
1127,8.7321,138,137,82,335
1128,8.7421,173,137,82,334.2
1129,8.7521,147,137,82,334
1130,8.7621,145,137,83,333.6
1131,8.7721,127,138,83,333.4
1132,8.7821,131,138,83,333.4
1133,8.792,115,138,83,333.2
1134,8.802,115,137,82,333.2
1135,8.812,182,138,82,333
1136,8.8221,296,138,82,333
1137,8.8322,238,138,83,332.8
1138,8.8422,175,138,83,332.8
1139,8.8522,155,138,82,332.8
1140,8.8621,129,139,82,332.6
1141,8.872,127,139,81,332.4
1142,8.8821,169,139,81,332.2
1143,8.8922,219,139,82,331.8
1144,8.9023,147,139,83,331.4
1145,8.9123,120,139,83,331
1146,8.9223,133,139,82,331
1147,8.9324,149,139,82,331
1148,8.9424,94,139,82,331
1149,8.9525,89,139,83,330.8
1150,8.9626,66,139,83,330.8
1151,8.9725,80,138,82,330.8
1152,8.9824,85,137,82,330.8
1153,8.9923,89,137,81,330.6
1154,9.0019,94,136,81,330.6
1155,9.0114,108,136,80,330.6
1156,9.0209,106,136,88,330.4
1157,9.0304,165,136,88,330.4
1158,9.0398,182,136,88,330.4
1159,9.0491,206,137,88,330.2
1160,9.0586,206,137,78,330.2
1161,9.068,254,137,77,330
1162,9.0774,171,137,77,330
1163,9.0869,265,138,77,330
1164,9.0966,265,137,77,330.2
1165,9.1061,241,137,78,330.2
1166,9.1157,152,138,78,330.2
1167,9.1252,105,138,78,330.2
1168,9.1346,144,138,77,330.2
1169,9.1437,117,138,80,330.2
1170,9.153,83,138,83,330.2
1171,9.1623,177,137,76,330.2
1172,9.1717,270,136,76,330.4
1173,9.1812,218,136,76,330.4
1174,9.1908,218,136,78,330.4
1175,9.2002,131,136,78,330.4
1176,9.2096,180,137,78,330.4
1177,9.2191,144,137,77,330.4
1178,9.2284,135,137,77,330.4
1179,9.2376,135,137,77,330.4
1180,9.2468,122,137,76,330.4
1181,9.2558,61,136,81,330.4
1182,9.2648,102,136,84,330.4
1183,9.2738,105,136,84,330.4
1184,9.2828,105,136,84,330.4
1185,9.2916,96,135,84,330.4
1186,9.3005,72,136,83,330.4
1187,9.3092,82,136,82,330.4
1188,9.3179,193,136,81,330.4
1189,9.3268,193,135,82,330.4
1190,9.3354,127,135,81,330.2
1191,9.344,126,136,81,330.2
1192,9.3526,126,136,80,330.2
1193,9.3613,236,136,80,330.2
1194,9.3701,190,135,81,330.2
1195,9.3789,142,135,82,330.2
1196,9.3877,86,135,82,330.2
1197,9.3965,194,136,82,330.2
1198,9.4055,194,135,82,330.2
1199,9.4144,126,135,83,330.2
1200,9.4233,99,135,83,330.2
1201,9.4322,87,134,82,330.2
1202,9.4407,108,133,81,330.2
1203,9.4493,108,133,81,330.2
1204,9.458,167,133,80,330
1205,9.4665,184,133,80,329.8
1206,9.4752,137,133,80,329.8
1207,9.4837,137,134,80,329.8
1208,9.4924,210,134,80,329.8
1209,9.5011,140,134,81,329.6
1210,9.5099,126,134,82,329.4
1211,9.5187,101,134,82,329.4
1212,9.5274,101,135,81,329.2
1213,9.5362,127,135,81,329.2
1214,9.5453,241,134,82,328.8
1215,9.5543,153,134,83,328.8
1216,9.5633,169,135,84,328.6
1217,9.5725,168,135,84,328.6
1218,9.5816,191,135,84,328.4
1219,9.5906,129,135,84,328.4
1220,9.5995,88,135,84,328.2
1221,9.6084,124,135,84,328.2
1222,9.6172,124,135,83,328.2
1223,9.6259,101,135,82,328.2
1224,9.6346,162,134,82,328.2
1225,9.6435,183,133,81,328
1226,9.6523,155,132,81,328.2
1227,9.661,155,133,82,328.2
1228,9.6698,123,133,82,328
1229,9.6784,161,133,82,328
1230,9.6871,161,133,82,327.8
1231,9.6958,167,133,82,327.8
1232,9.7044,167,133,81,327.6
1233,9.7128,142,133,80,327.6
1234,9.7212,146,133,79,327.6
1235,9.7295,171,133,79,327.6
1236,9.7376,171,134,78,327.4
1237,9.7459,145,134,79,327.4
1238,9.7543,179,134,80,327.4
1239,9.7628,270,134,78,327
1240,9.7714,281,134,79,326.8
1241,9.78,197,135,80,326.6
1242,9.7887,192,135,80,326.6
1243,9.7974,174,135,81,326.6
1244,9.8061,163,136,81,326.6
1245,9.8147,163,136,81,326.6
1246,9.8234,207,136,81,326.4
1247,9.8323,167,136,81,326.4
1248,9.8411,253,136,82,326.4
1249,9.8499,161,136,82,326.4
1250,9.8586,214,136,82,326.2
1251,9.8674,214,136,82,326.2
1252,9.8762,151,137,82,326.2
1253,9.8849,188,137,82,326.2
1254,9.8936,146,138,82,326.2
1255,9.9024,152,138,81,326
1256,9.911,184,138,81,326
1257,9.9196,135,138,81,326
1258,9.9281,135,138,81,326
1259,9.9367,149,138,80,326
1260,9.9453,175,138,80,326
1261,9.9539,172,138,80,326
1262,9.9624,172,139,80,326
1263,9.9711,176,139,80,326
1264,9.9798,197,139,81,326
1265,9.9884,133,140,81,326
1266,9.9971,165,140,81,326
1267,10.0058,201,141,81,326.2
1268,10.0144,135,141,81,326.2
1269,10.0232,230,140,81,326.2
1270,10.0318,171,140,81,326.2
1271,10.0404,171,140,81,326.2
1272,10.0491,132,140,81,326.2
1273,10.058,323,139,81,326.2
1274,10.067,290,139,81,326.2
1275,10.0763,290,139,84,326.2
1276,10.0855,194,139,86,326.2
1277,10.0947,130,140,86,326.2
1278,10.1039,104,140,86,326.2
1279,10.1131,134,140,86,326.2
1280,10.1223,117,140,86,326.2
1281,10.1314,117,139,86,326.2
1282,10.1405,85,139,86,326
1283,10.1495,85,139,85,326
1284,10.1585,63,138,84,326
1285,10.1675,77,138,84,325.8
1286,10.1763,46,138,83,325.8
1287,10.185,40,138,83,325.8
1288,10.1937,36,137,77,325.8
1289,10.2022,3,137,77,325.6
1290,10.2107,3,136,77,325.6
1291,10.2192,3,135,19,325.6
1292,10.2278,275,133,79,325.6
1293,10.2368,262,133,79,325.4
1294,10.2458,262,134,82,325.4
1295,10.2552,362,134,85,325.4
1296,10.2649,277,135,88,325.2
1297,10.2744,201,135,82,325.2
1298,10.2842,324,136,80,325.4
1299,10.2943,356,136,81,325
1300,10.3043,307,137,82,325.2
1301,10.3145,219,137,83,325
1302,10.3248,186,138,84,324.8
1303,10.335,147,138,84,324.8
1304,10.345,147,138,84,324.8
1305,10.3552,146,138,83,324.6
1306,10.3654,208,139,84,324.2
1307,10.3756,124,138,84,323.8
1308,10.3855,121,138,83,323.4
1309,10.3954,111,137,83,323.2
1310,10.4055,272,137,83,323.2
1311,10.4157,273,138,84,323
1312,10.4258,198,138,84,323
1313,10.4359,198,139,84,322.8
1314,10.446,218,139,84,322.8
1315,10.4561,201,140,84,322.8
1316,10.4662,284,140,84,322.8
1317,10.4764,205,140,84,322.4
1318,10.4866,221,141,84,322.2
1319,10.4967,221,141,84,322
1320,10.5067,222,141,85,321.8
1321,10.5166,166,141,84,321.6
1322,10.5265,119,141,87,321.8
1323,10.5364,187,142,87,321.6
1324,10.5464,187,141,94,321.4
1325,10.5564,214,142,95,321.4
1326,10.5664,180,142,95,321.2
1327,10.5763,140,142,95,321.2
1328,10.5861,140,142,95,321
1329,10.5959,111,143,93,321
1330,10.6057,169,143,93,320.8
1331,10.6155,223,142,93,320.8
1332,10.6252,159,142,93,320.8
1333,10.6349,127,142,92,320.6
1334,10.6445,73,142,92,320.4
1335,10.6541,142,142,92,320.4
1336,10.6638,217,141,92,320.2
1337,10.6736,180,141,92,320
1338,10.6833,180,142,93,320
1339,10.6929,115,142,93,320
1340,10.7025,89,142,92,319.8
1341,10.712,98,141,92,319.8
1342,10.7216,98,141,92,319.8
1343,10.7311,98,141,91,319.8
1344,10.7406,120,140,91,319.6
1345,10.75,173,140,90,319.6
1346,10.7595,129,140,90,319.6
1347,10.769,92,140,90,319.6
1348,10.7785,143,139,91,319.6
1349,10.7881,146,139,91,319.6
1350,10.7976,129,139,91,319.4
1351,10.8071,99,140,91,319.4
1352,10.8168,158,140,91,319.2
1353,10.8263,167,139,91,319.2
1354,10.8358,118,138,91,319.2
1355,10.8453,92,139,91,319
1356,10.855,128,138,91,319
1357,10.8646,191,138,91,318.8
1358,10.8743,152,138,92,318.8
1359,10.8839,134,138,92,318.8
1360,10.8936,118,139,92,318.6
1361,10.9032,168,139,92,318.6
1362,10.9129,168,139,92,318.4
1363,10.9226,177,138,93,318.4
1364,10.9324,205,138,93,318.2
1365,10.9421,172,138,93,318.2
1366,10.9518,172,138,93,318.2
1367,10.9615,216,139,93,318.2
1368,10.9712,165,139,92,318.2
1369,10.9809,193,140,92,318.2
1370,10.9905,133,139,92,318
1371,11.0001,106,140,92,317.8
1372,11.0095,125,140,92,317.8
1373,11.019,125,140,91,317.6
1374,11.0284,182,139,90,317.4
1375,11.038,142,139,90,317.4
1376,11.0476,146,139,90,317.2
1377,11.0572,146,139,90,317.2
1378,11.0666,129,139,90,317.2
1379,11.0761,129,140,89,317
1380,11.0856,257,140,89,317
1381,11.0952,257,140,89,317
1382,11.1048,166,140,90,316.8
1383,11.1144,147,140,90,316.8
1384,11.1239,163,140,90,316.8
1385,11.1335,127,140,90,316.6
1386,11.1431,139,139,90,316.6
1387,11.1527,132,139,90,316.6
1388,11.1623,168,139,91,316.6
1389,11.1719,132,139,91,316.6
1390,11.1814,118,139,91,316.4
1391,11.191,129,139,90,316.4
1392,11.2006,127,139,90,316.4
1393,11.2102,162,139,91,316.2
1394,11.2199,125,139,75,316.2
1395,11.2296,126,138,75,316.2
1396,11.2398,298,138,93,316.2
1397,11.2499,162,139,95,316
1398,11.2599,215,138,95,316
1399,11.2699,170,138,95,316
1400,11.2797,124,138,95,315.8
1401,11.2896,124,139,81,315.8
1402,11.2994,134,138,86,315.8
1403,11.3094,338,139,94,315.6
1404,11.3199,329,139,96,315.6
1405,11.3302,303,139,97,315.6
1406,11.3407,150,140,98,315.4
1407,11.351,145,140,97,315
1408,11.3614,136,141,97,314.8
1409,11.3718,130,142,97,314.6
1410,11.3819,143,142,95,314.4
1411,11.3921,131,142,85,314.4
1412,11.4023,100,141,84,314.2
1413,11.4123,132,141,84,314.2
1414,11.4225,257,140,84,314
1415,11.4327,257,140,84,313.8
1416,11.4429,206,140,85,313.8
1417,11.453,140,141,85,313.6
1418,11.4632,301,141,85,313.4
1419,11.4736,262,142,85,313.2
1420,11.4839,260,142,85,313.2
1421,11.4942,252,142,86,313.2
1422,11.5046,183,143,87,312.8
1423,11.515,155,143,87,312.8
1424,11.5254,131,143,86,312.6
1425,11.5358,185,144,86,312.6
1426,11.546,112,144,86,312.6
1427,11.5562,110,144,85,312.4
1428,11.5664,157,144,85,312.4
1429,11.5764,181,144,86,312.2
1430,11.5865,176,144,95,312
1431,11.5964,120,144,94,312
1432,11.6063,89,144,93,311.8
1433,11.6159,138,144,93,311.8
1434,11.6255,138,144,91,311.8
1435,11.6349,104,144,90,311.6
1436,11.6443,82,144,88,311.4
1437,11.6535,134,143,87,311.2
1438,11.6627,200,143,87,311
1439,11.672,200,142,87,310.6
1440,11.6813,152,142,87,310.4
1441,11.6905,111,143,86,310.2
1442,11.6996,124,143,85,310.2
1443,11.7087,149,143,85,310.2
1444,11.7179,149,143,85,310
1445,11.7272,200,142,86,310
1446,11.7365,146,142,87,310
1447,11.7456,122,142,86,310
1448,11.755,162,141,86,310
1449,11.7644,222,141,86,310
1450,11.7741,321,141,88,309.8
1451,11.7837,297,142,89,309.8
1452,11.7934,243,142,90,309.8
1453,11.803,150,143,90,309.8
1454,11.8126,105,143,89,310
1455,11.8219,111,143,88,309.6
1456,11.8315,121,143,88,309.4
1457,11.841,226,142,88,309.2
1458,11.8504,196,141,88,309
1459,11.8598,113,141,88,309
1460,11.8692,124,141,86,308.8
1461,11.8786,169,141,86,308.8
1462,11.8879,130,141,86,308.8
1463,11.8972,124,140,87,308.6
1464,11.9064,109,140,94,308.6
1465,11.9158,188,140,89,308.4
1466,11.9251,206,139,85,308.2
1467,11.9344,155,139,85,308.2
1468,11.9436,162,139,85,308
1469,11.9529,95,139,85,308
1470,11.962,81,139,84,307.8
1471,11.9713,86,139,84,307.8
1472,11.9805,262,139,84,307.8
1473,11.99,262,138,85,307.8
1474,11.9997,246,137,86,307.8
1475,12.0091,125,138,86,307.6
1476,12.0183,102,138,85,307.6
1477,12.0276,80,138,85,307.6
1478,12.0369,204,138,85,307.6
1479,12.0462,204,138,84,307.6
1480,12.0554,180,138,85,307.6
1481,12.0645,129,138,84,307.6
1482,12.0736,111,138,84,307.6
1483,12.0828,97,138,84,307.4
1484,12.092,97,138,84,307.4
1485,12.1013,235,138,84,307.4
1486,12.1105,133,138,85,307.2
1487,12.12,95,138,85,307.2
1488,12.1293,113,138,85,307.2
1489,12.1386,105,138,85,307.2
1490,12.1479,86,137,85,307.2
1491,12.1572,131,137,85,307
1492,12.1664,127,136,85,307.2
1493,12.1755,119,136,85,307.2
1494,12.1847,94,136,84,307
1495,12.1936,154,136,83,307
1496,12.2024,128,136,82,307
1497,12.2114,288,136,83,306.8
1498,12.2207,143,136,83,306.8
1499,12.2297,143,136,83,306.6
1500,12.2387,107,136,83,306.6
1501,12.2477,93,136,82,306.4
1502,12.2565,87,136,81,306.4
1503,12.2653,101,136,81,306.2
1504,12.274,101,136,80,306.2
1505,12.2827,63,135,80,306.2
1506,12.2916,135,135,80,306.2
1507,12.3004,199,135,81,306
1508,12.3094,161,135,81,306
1509,12.3183,161,135,81,306
1510,12.3275,142,135,81,306
1511,12.3366,202,135,82,306
1512,12.3459,253,135,82,306
1513,12.3553,253,135,84,306
1514,12.3648,348,135,86,306
1515,12.3744,321,135,88,306
1516,12.3841,222,136,88,305.8
1517,12.3936,222,136,88,305.8
1518,12.4032,165,136,88,305.8
1519,12.4126,132,137,87,305.6
1520,12.422,182,137,87,305.6
1521,12.4313,182,137,86,305.6
1522,12.441,273,136,87,305.2
1523,12.4504,186,136,87,304.8
1524,12.4599,160,136,87,304.4
1525,12.4694,101,137,86,304.2
1526,12.4788,165,137,86,304.2
1527,12.4879,178,137,86,304
1528,12.4973,178,138,86,304
1529,12.5064,138,138,85,304
1530,12.5158,211,138,86,304
1531,12.5251,130,138,86,304
1532,12.5344,130,138,86,303.8
1533,12.5436,169,139,85,303.8
1534,12.5529,183,139,85,303.8
1535,12.5622,125,139,85,303.8
1536,12.5713,106,139,85,303.8
1537,12.5805,106,139,85,303.8
1538,12.5897,119,139,85,303.8
1539,12.5988,132,139,85,303.6
1540,12.608,159,139,84,303.6
1541,12.6171,174,139,84,303.4
1542,12.6267,174,139,83,303.2
1543,12.6362,316,139,86,303
1544,12.6459,267,139,88,303
1545,12.6556,152,139,89,303
1546,12.6654,109,140,89,302.8
1547,12.6752,109,140,90,302.8
1548,12.6851,300,140,90,302.8
1549,12.695,213,140,91,302.8
1550,12.705,129,140,91,302.8
1551,12.7149,168,140,91,302.8
1552,12.7248,168,141,91,302.8
1553,12.7348,171,141,90,302.8
1554,12.7448,217,141,82,302.6
1555,12.7551,287,140,82,302.4
1556,12.7655,234,140,82,302.4
1557,12.7759,234,140,84,302.2
1558,12.7863,173,140,84,302
1559,12.7966,145,140,84,301.8
1560,12.8069,122,140,84,301.8
1561,12.8173,122,140,84,301.8
1562,12.8276,177,140,84,301.8
1563,12.8379,113,140,83,301.8
1564,12.8481,150,140,83,301.6
1565,12.8582,111,140,83,301.6
1566,12.8681,173,140,83,301.6
1567,12.8782,173,139,82,301.6
1568,12.8883,176,139,81,301.6
1569,12.8983,180,139,81,301.4
1570,12.9084,183,139,81,301.4
1571,12.9185,138,139,81,301.2
1572,12.9286,124,139,81,301.2
1573,12.9386,123,139,81,301.2
1574,12.9485,100,139,81,301
1575,12.9584,144,139,80,301
1576,12.9683,110,139,80,301
1577,12.9781,126,139,80,300.8
1578,12.988,173,139,80,300.8
1579,12.9978,125,139,82,300.8
1580,13.0075,94,139,88,300.8
1581,13.0172,89,139,89,300.6
1582,13.0268,97,138,88,300.6
1583,13.0362,91,138,88,300.6
1584,13.0456,91,138,88,300.6
1585,13.0549,74,138,86,300.4
1586,13.0642,169,138,86,300.2
1587,13.0736,215,137,86,300.2
1588,13.0831,163,137,84,300
1589,13.0925,190,137,84,300.2
1590,13.102,190,137,77,300
1591,13.1115,215,137,77,300
1592,13.1209,138,138,77,299.8
1593,13.1304,152,137,77,299.8
1594,13.1398,135,137,77,299.8
1595,13.1492,135,137,77,299.8
1596,13.1586,141,137,76,299.8
1597,13.168,103,137,76,299.6
1598,13.1773,134,137,76,299.6
1599,13.1865,167,137,76,299.4
1600,13.1958,167,136,75,299.4
1601,13.2054,267,136,75,299.4
1602,13.2149,197,137,76,299.2
1603,13.2244,151,137,77,299.2
1604,13.2341,183,137,77,299
1605,13.2438,183,138,78,298.8
1606,13.2537,215,138,79,298.8
1607,13.2636,162,138,80,298.8
1608,13.2733,123,138,80,298.6
1609,13.2832,130,137,80,298.6
1610,13.2933,160,136,80,298.6
1611,13.3031,136,137,80,298.4
1612,13.3132,206,136,81,298.4
1613,13.3233,256,136,82,298.4
1614,13.3334,214,136,82,298.4
1615,13.3434,139,136,82,298.4
1616,13.3535,180,136,82,298.2
1617,13.3636,138,136,82,298.4
1618,13.3739,280,137,82,298.2
1619,13.3843,280,137,83,298.2
1620,13.3948,243,136,84,298.2
1621,13.4052,158,137,85,298.2
1622,13.4155,101,137,85,298.2
1623,13.4257,101,137,84,298
1624,13.4358,85,137,83,298
1625,13.4459,72,136,82,297.8
1626,13.456,96,136,82,297.6
1627,13.466,96,136,81,297.6
1628,13.476,159,135,81,297.4
1629,13.486,108,135,81,297.4
1630,13.4957,67,136,80,297.2
1631,13.5054,92,136,79,297.2
1632,13.5151,158,136,79,297
1633,13.5249,158,136,79,297
1634,13.5344,121,136,78,296.8
1635,13.5439,107,136,77,296.8
1636,13.5534,168,136,77,296.6
1637,13.5628,221,136,77,296.6
1638,13.572,78,136,81,296.4
1639,13.5811,93,136,85,296.4
1640,13.5901,51,136,84,296.4
1641,13.5988,0,136,84,296.2
1642,13.6074,0,135,84,296.2
